REGIAO:;N
UF:;PA
ESTACAO:;PORTO DE MOZ
CODIGO (WMO):;A245
LATITUDE:;-1,82194443
LONGITUDE:;-52,11166666
ALTITUDE:;19
DATA DE FUNDACAO:;07/04/22
Data;Hora UTC;PRECIPITAÇÃO TOTAL, HORÁRIO (mm);PRESSAO ATMOSFERICA AO NIVEL DA ESTACAO, HORARIA (mB);PRESSÃO ATMOSFERICA MAX.NA HORA ANT. (AUT) (mB);PRESSÃO ATMOSFERICA MIN. NA HORA ANT. (AUT) (mB);RADIACAO GLOBAL (Kj/m²);TEMPERATURA DO AR - BULBO SECO, HORARIA (°C);TEMPERATURA DO PONTO DE ORVALHO (°C);TEMPERATURA MÁXIMA NA HORA ANT. (AUT) (°C);TEMPERATURA MÍNIMA NA HORA ANT. (AUT) (°C);TEMPERATURA ORVALHO MAX. NA HORA ANT. (AUT) (°C);TEMPERATURA ORVALHO MIN. NA HORA ANT. (AUT) (°C);UMIDADE REL. MAX. NA HORA ANT. (AUT) (%);UMIDADE REL. MIN. NA HORA ANT. (AUT) (%);UMIDADE RELATIVA DO AR, HORARIA (%);VENTO, DIREÇÃO HORARIA (gr) (° (gr));VENTO, RAJADA MAXIMA (m/s);VENTO, VELOCIDADE HORARIA (m/s);
2022/04/07;0000 UTC;;;;;;;;;;;;;;;;;;
2022/04/07;0100 UTC;;;;;;;;;;;;;;;;;;
2022/04/07;0200 UTC;;;;;;;;;;;;;;;;;;
2022/04/07;0300 UTC;;;;;;;;;;;;;;;;;;
2022/04/07;0400 UTC;;;;;;;;;;;;;;;;;;
2022/04/07;0500 UTC;;;;;;;;;;;;;;;;;;
2022/04/07;0600 UTC;;;;;;;;;;;;;;;;;;
2022/04/07;0700 UTC;;;;;;;;;;;;;;;;;;
2022/04/07;0800 UTC;;;;;;;;;;;;;;;;;;
2022/04/07;0900 UTC;;;;;;;;;;;;;;;;;;
2022/04/07;1000 UTC;;;;;;;;;;;;;;;;;;
2022/04/07;1100 UTC;;;;;;;;;;;;;;;;;;
2022/04/07;1200 UTC;;;;;;;;;;;;;;;;;;
2022/04/07;1300 UTC;;;;;;;;;;;;;;;;;;
2022/04/07;1400 UTC;;;;;;;;;;;;;;;;;;
2022/04/07;1500 UTC;;;;;;;;;;;;;;;;;;
2022/04/07;1600 UTC;;;;;;;;;;;;;;;;;;
2022/04/07;1700 UTC;;;;;;;;;;;;;;;;;;
2022/04/07;1800 UTC;;;;;;;;;;;;;;;;;;
2022/04/07;1900 UTC;0;1006,2;1006,4;1006;898;26,4;23,9;30,4;26;25,8;23,9;92;75;86;292;5,4;1,1;
2022/04/07;2000 UTC;0;1005,9;1006,3;1005,8;281,2;26,3;24,7;27;26,3;24,8;23,8;91;84;91;140;4;,4;
2022/04/07;2100 UTC;0;1006,5;1006,5;1005,9;142,7;26,2;24,9;26,4;26,2;25,1;24,5;93;90;93;145;2;1,2;
2022/04/07;2200 UTC;0;1007,4;1007,4;1006,4;29,3;25,4;24,8;26,2;25,4;25;24,7;96;93;96;205;2;1;
2022/04/07;2300 UTC;0;1008,5;1008,5;1007,4;;25,4;24,9;25,4;25,3;24,9;24,7;97;96;97;93;1,8;,5;
2022/04/08;0000 UTC;0;1009,5;1009,5;1008,6;;25,5;24,9;25,6;25,4;25;24,9;97;96;96;130;2;,8;
2022/04/08;0100 UTC;0;1010,3;1010,3;1009,5;;25,6;24,2;25,7;25,5;24,9;24,2;96;92;92;87;3,6;1,2;
2022/04/08;0200 UTC;0;1010,7;1010,7;1010,3;;25,3;23,8;25,6;25,2;24,3;23,8;93;91;91;105;3,3;1,1;
2022/04/08;0300 UTC;0;1010,5;1010,8;1010,5;;24,9;23,7;25,4;24,9;23,9;23,7;93;91;93;108;3,5;1,5;
2022/04/08;0400 UTC;0;1009,7;1010,5;1009,7;;24,6;23,7;24,9;24,6;23,8;23,7;95;93;95;80;3,5;,6;
2022/04/08;0500 UTC;0;1009;1009,7;1009;;24,4;23,8;24,5;24,1;23,8;23,6;97;95;96;101;2,8;1,3;
2022/04/08;0600 UTC;0;1008,5;1009;1008,5;;24,6;23,9;24,6;24,4;24;23,8;97;96;96;88;3,3;1,1;
2022/04/08;0700 UTC;0;1008,5;1008,5;1008,3;;24,6;23,9;24,6;24,5;24;23,9;96;96;96;89;3,3;1,2;
2022/04/08;0800 UTC;0;1008,7;1008,7;1008,5;;24,6;23,8;24,6;24,6;23,9;23,8;96;95;95;97;4;1,7;
2022/04/08;0900 UTC;0;1009,2;1009,2;1008,6;;24,5;23,8;24,6;24,5;23,9;23,7;96;95;96;98;4;,9;
2022/04/08;1000 UTC;0;1010,2;1010,2;1009,2;49,8;24,7;23,7;24,7;24,5;23,8;23,6;96;94;95;104;4,6;1,8;
2022/04/08;1100 UTC;0;1011;1011;1010,2;290,1;25,3;24;25,3;24,7;24;23,6;95;92;92;97;4,6;1,3;
2022/04/08;1200 UTC;0;1012;1012;1011;771,3;26,4;24,3;26,4;25,3;24,4;23,7;92;86;88;108;4,4;2,2;
2022/04/08;1300 UTC;0;1012,3;1012,3;1012;1434,4;27,6;24,1;28,2;26,4;25,1;23,8;89;80;81;100;6;2,3;
2022/04/08;1400 UTC;0;1011,9;1012,3;1011,9;2214,6;29,2;24,6;30;27,4;25,4;23,7;83;72;76;102;5;1,7;
2022/04/08;1500 UTC;0;1010,8;1011,9;1010,8;2051,8;30,4;24,9;30,4;28,7;25,3;23,6;78;71;72;97;5,7;1,9;
2022/04/08;1600 UTC;0;1009,2;1010,8;1009,2;2669,4;30;23,9;31,2;28,9;25,2;23,4;78;66;70;132;5,7;2,5;
2022/04/08;1700 UTC;0;1007,7;1009,2;1007,7;3125;31,6;23,9;32;29,9;26,2;23,6;74;63;64;156;6,6;2,5;
2022/04/08;1800 UTC;0;1006,5;1007,7;1006,5;2271,7;32,7;24,6;33,2;30,5;25,8;23,5;71;62;62;98;5,1;1,5;
2022/04/08;1900 UTC;9,8;1006,6;1006,8;1006,5;433,6;26,4;25,4;32,6;25,4;25,4;23,8;97;62;94;5;9,3;,5;
2022/04/08;2000 UTC;,6;1007;1007,2;1006,6;147,4;24,4;23,6;26,5;24,3;25,4;22,5;96;87;96;46;12,1;,6;
2022/04/08;2100 UTC;0;1007,4;1007,4;1007;33,7;24,1;23,2;24,4;24;23,8;23,1;96;94;95;76;2,8;1,2;
2022/04/08;2200 UTC;0;1008,3;1008,3;1007,3;2;24;23,2;24,1;24;23,3;23,1;95;94;95;78;3,5;1;
2022/04/08;2300 UTC;0;1009,3;1009,3;1008,3;;24;23,4;24;23,9;23,4;23,1;96;95;96;73;2,2;,9;
2022/04/09;0000 UTC;0;1010,1;1010,1;1009,3;;24;23,5;24,1;24;23,6;23,4;97;96;97;62;2,2;,4;
2022/04/09;0100 UTC;0;1010,4;1010,4;1010,1;;24,2;23,8;24,2;23,9;23,8;23,4;98;97;98;52;1,4;,5;
2022/04/09;0200 UTC;0;1010,4;1010,5;1010,4;;24,1;23,8;24,2;24,1;23,8;23,7;98;98;98;4;1,4;,2;
2022/04/09;0300 UTC;0;1010,2;1010,5;1010,2;;24,2;23,8;24,2;24,1;23,9;23,7;98;98;98;302;,9;,4;
2022/04/09;0400 UTC;0;1010,1;1010,2;1010,1;;24;23,7;24,2;24;23,9;23,7;98;98;98;207;,8;,3;
2022/04/09;0500 UTC;0;1009,7;1010,1;1009,7;;23,8;;24;23,8;;;;;;187;,6;,4;
2022/04/09;0600 UTC;0;1009,3;1009,7;1009,3;;23,4;;23,8;23,4;;;;;;286;,8;,5;
2022/04/09;0700 UTC;0;1009,2;1009,3;1009;;23,3;;23,4;23,2;;;;;;50;,9;,2;
2022/04/09;0800 UTC;0;1009,4;1009,4;1009,2;;23,2;;23,3;23,1;;;;;;;1;,2;
2022/04/09;0900 UTC;,2;1009,6;1009,6;1009,4;;23,5;;23,5;23,1;;;;;;237;,9;,6;
2022/04/09;1000 UTC;0;1010,4;1010,4;1009,7;50,2;23,5;;23,5;23,3;;;;;;213;1,6;,9;
2022/04/09;1100 UTC;0;1011,2;1011,2;1010,4;433,4;25,1;;25,1;23,5;;;;;;143;1,7;,9;
2022/04/09;1200 UTC;0;1011,9;1011,9;1011,2;1252,1;27,9;;28,1;25,1;;;;;;77;3,4;1,1;
2022/04/09;1300 UTC;0;1012,1;1012,2;1011,9;2026,9;28,8;;29;27,5;;;;;;95;4,1;1,2;
2022/04/09;1400 UTC;0;1011,8;1012,1;1011,8;1687,4;29;;29,4;28,3;;;;;;14;3,3;,7;
2022/04/09;1500 UTC;0;1011,3;1011,8;1011,3;2304,5;29,4;;30,5;28,7;;;;;;122;4,6;2,2;
2022/04/09;1600 UTC;1,2;1009,9;1011,3;1009,9;1833;27,3;;30,2;27,2;;;;;;186;4;,8;
2022/04/09;1700 UTC;0;1008,4;1009,9;1008,4;3152,3;30,2;;31,5;27,3;;;;;;52;3,6;1,3;
2022/04/09;1800 UTC;0;1007;1008,4;1007;2298,6;31,3;;31,7;29,7;;;;;;258;3,7;1,3;
2022/04/09;1900 UTC;0;1006,5;1007;1006,5;1643,8;29;;31,2;28,6;;;;;;252;5,4;3,2;
2022/04/09;2000 UTC;1;1006,8;1006,8;1006;1210,4;26,2;;29,6;26,2;;;;;;47;5,4;1,8;
2022/04/09;2100 UTC;4,6;1006,8;1006,8;1006,2;345,3;25,8;;26,4;25,4;;;;;;96;4,6;,9;
2022/04/09;2200 UTC;0;1008;1008;1006,8;28,3;25,2;;25,8;25,1;;;;;;129;3,1;1,2;
2022/04/09;2300 UTC;0;1008,8;1008,8;1008;;25;;25,3;25;;;;;;109;2,1;,9;
2022/04/10;0000 UTC;,6;1009,4;1009,4;1008,8;;24,8;;25,1;24,8;;;;;;269;1,6;,2;
2022/04/10;0100 UTC;0;1010,2;1010,2;1009,4;;24,8;;24,8;24,7;;;;;;87;1,3;,6;
2022/04/10;0200 UTC;0;1010,2;1010,2;1009,9;;24,7;;24,8;24,6;;;;;;103;2,9;1,4;
2022/04/10;0300 UTC;0;1010,1;1010,4;1010,1;;24,7;;24,7;24,6;;;;;;114;4,3;2,3;
2022/04/10;0400 UTC;,2;1009,7;1010,2;1009,7;;24,2;;24,7;24,2;;;;;;148;4,1;1,5;
2022/04/10;0500 UTC;0;1009;1009,7;1009;;23,6;;24,2;23,6;;;;;;133;3,4;1,7;
2022/04/10;0600 UTC;0;1008,4;1009;1008,4;;23,4;;23,6;23,4;;;;;;136;3,3;,9;
2022/04/10;0700 UTC;0;1008,4;1008,5;1008,4;;23,4;;23,4;23,3;;;;;;130;1,7;,8;
2022/04/10;0800 UTC;0;1008,8;1008,8;1008,4;;23,4;;23,4;23,3;;;;;;168;1,4;,5;
2022/04/10;0900 UTC;0;1009;1009;1008,8;;23,4;;23,5;23,4;;;;;;167;1,7;,9;
2022/04/10;1000 UTC;0;1009,9;1009,9;1009;23,4;23,6;;23,6;23,3;;;;;;360;1,7;,3;
2022/04/10;1100 UTC;0;1010,2;1010,2;1009,9;207,6;24;;24;23,6;;;;;;343;,9;,3;
2022/04/10;1200 UTC;0;1010,7;1010,7;1010,2;540,4;25,3;;25,4;24;;;;;;93;1,9;1;
2022/04/10;1300 UTC;0;1011;1011;1010,6;1163,7;27;;27;25,3;;;;;;121;3,9;1;
2022/04/10;1400 UTC;0;1010,7;1011;1010,7;2019;28,5;;28,7;27;;;;;;82;3,9;1,4;
2022/04/10;1500 UTC;,2;1009,9;1010,7;1009,9;3352,9;30,3;;30,8;28,5;;;;;;86;5;1,9;
2022/04/10;1600 UTC;0;1009;1009,9;1009;2366,9;30,4;;31,2;29,6;;;;;;70;5;1,6;
2022/04/10;1700 UTC;,4;1007,8;1009;1007,8;2228,3;31,4;25,2;31,4;27,5;26,3;24,2;88;70;70;2;4,7;,9;
2022/04/10;1800 UTC;0;1007,2;1007,8;1007;2703,1;28,3;25,1;31,4;27,7;25,9;23,6;86;69;83;33;7,9;1,4;
2022/04/10;1900 UTC;,2;1006,5;1007,2;1006,5;439,5;26;24,2;28,3;26;25,5;23,5;90;81;90;162;4,8;1,2;
2022/04/10;2000 UTC;0;1006,1;1006,5;1006,1;91,9;24,6;23,7;26;24,6;24,6;23,7;96;90;95;216;3,2;1,4;
2022/04/10;2100 UTC;,4;1006,5;1006,5;1005,9;82,7;24,2;23,3;24,6;24,2;23,7;23,1;95;93;94;176;2,3;,8;
2022/04/10;2200 UTC;0;1006,8;1006,8;1006,5;17,4;24,1;23,3;24,2;24,1;23,4;23,1;96;93;95;273;1,5;,7;
2022/04/10;2300 UTC;0;1007,2;1007,3;1006,8;;23,9;23,4;24,1;23,9;23,4;23,2;97;95;97;221;1,3;,5;
2022/04/11;0000 UTC;0;1008,2;1008,3;1007,2;;24;23,6;24;23,8;23,6;23,4;98;97;98;61;1,2;,6;
2022/04/11;0100 UTC;2;1009;1009;1008,2;;24,5;24,1;24,5;23,9;24,1;23,5;98;98;98;96;2,7;,9;
2022/04/11;0200 UTC;0;1009,4;1009,4;1009;;24,7;24,3;24,7;24,5;24,3;24,2;98;97;97;89;2,1;,8;
2022/04/11;0300 UTC;0;1009,4;1009,7;1009,2;;25;24,2;25;24,7;24,5;24,2;98;95;96;33;2,7;,9;
2022/04/11;0400 UTC;0;1008,6;1009,5;1008,6;;24,7;24;25;24,7;24,3;23,9;97;95;96;66;2,5;,6;
2022/04/11;0500 UTC;2,4;1008,3;1008,6;1008,2;;24,6;24,2;24,7;24,5;24,2;23,9;98;95;98;32;1,4;,4;
2022/04/11;0600 UTC;5,4;1007,7;1008,3;1007,7;;23,9;23,5;24,9;23,9;24,4;23,3;98;96;97;60;7,5;2;
2022/04/11;0700 UTC;0;1007,4;1007,7;1007,4;;23,6;23,2;24;23,6;23,5;23,1;97;97;97;307;4,8;,5;
2022/04/11;0800 UTC;0;1007,5;1007,5;1007,2;;23,4;23,1;23,6;23,4;23,1;23;98;97;98;70;1,2;,2;
2022/04/11;0900 UTC;0;1008;1008;1007,5;;23,5;23,2;23,6;23,4;23,3;23,1;98;98;98;188;1;,3;
2022/04/11;1000 UTC;0;1008,7;1008,7;1008;87;24;23,7;24;23,5;23,7;23,2;98;98;98;189;1;,3;
2022/04/11;1100 UTC;0;1009,5;1009,5;1008,7;652,9;26,1;24,5;26,5;24;24,9;23,7;98;88;91;69;3;,9;
2022/04/11;1200 UTC;0;1009,9;1009,9;1009,5;822,7;27,2;;27,2;26;;;;;;71;3,1;1,2;
2022/04/11;1300 UTC;0;1010,1;1010,1;1009,9;1540,7;28,1;;28,8;27;;;;;;68;5,3;1,6;
2022/04/11;1400 UTC;0;1009,7;1010,1;1009,7;2368,8;29,3;;29,8;28,1;;;;;;45;5,3;2,1;
2022/04/11;1500 UTC;0;1009,2;1009,8;1009,2;3126,7;30,7;;31,1;29,2;;;;;;61;5,6;1,8;
2022/04/11;1600 UTC;,4;1008,1;1009,2;1008,1;2251,1;30,3;;31,4;28,3;;;;;;47;5,3;1,2;
2022/04/11;1700 UTC;,2;1006,9;1008,1;1006,9;2939;31,5;;32;28,5;;;;;;82;5;1,1;
2022/04/11;1800 UTC;,2;1005,9;1006,9;1005,9;2316,9;27,9;;32,8;27,9;;;;;;189;6,2;3,4;
2022/04/11;1900 UTC;3,8;1005,2;1006;1005,2;574,9;26,8;;27,9;26;;;;;;311;6,2;1,1;
2022/04/11;2000 UTC;0;1005,2;1005,3;1005,1;1047,8;27,8;;28,9;26,8;;;;;;312;3,5;1,6;
2022/04/11;2100 UTC;0;1005,4;1005,4;1005,1;567,5;29,1;;30;27,8;;;;;;249;3,5;,5;
2022/04/11;2200 UTC;0;1006,3;1006,3;1005,4;78,4;26,8;;29,1;26,8;;;;;;122;1,3;,6;
2022/04/11;2300 UTC;0;1007,5;1007,5;1006,3;;26,5;;26,8;26,4;;;;;;72;1,3;,7;
2022/04/12;0000 UTC;1,8;1008,8;1008,8;1007,5;;24,8;;26,5;24,8;;;;;;129;8,2;3,8;
2022/04/12;0100 UTC;9;1010,3;1010,3;1008,8;;24,5;;24,8;24,5;;;;;;129;7,7;,6;
2022/04/12;0200 UTC;,8;1010,3;1010,3;1010,1;;24,3;;24,6;24,3;;;;;;241;2;,7;
2022/04/12;0300 UTC;0;1010,3;1010,4;1010,2;;24,2;;24,4;24,1;;;;;;121;1,6;1;
2022/04/12;0400 UTC;0;1009;1010,3;1009;;24;;24,2;24;;;;;;267;1,6;,7;
2022/04/12;0500 UTC;0;1007,9;1009;1007,9;;23,7;;24;23,7;;;;;;166;1,9;,8;
2022/04/12;0600 UTC;0;1007,9;1008;1007,8;;23,5;;23,7;23,5;;;;;;112;1,7;,6;
2022/04/12;0700 UTC;0;1007,7;1008,2;1007,7;;23,5;;23,7;23,5;;;;;;13;1,1;,4;
2022/04/12;0800 UTC;0;1008,1;1008,1;1007,5;;23,3;;23,6;23,2;;;;;;170;1,6;,8;
2022/04/12;0900 UTC;,8;1008,6;1008,6;1008,1;;23,5;;23,6;23,3;;;;;;192;1,5;,7;
2022/04/12;1000 UTC;,4;1009,4;1009,5;1008,5;17,8;24;;24;23,4;;;;;;56;1,6;,5;
2022/04/12;1100 UTC;0;1010,3;1010,3;1009,4;378;25,2;;25,2;24;;;;;;45;2,7;1,2;
2022/04/12;1200 UTC;0;1010,9;1010,9;1010,1;1309,1;27,7;;27,7;25,2;;;;;;59;5;1,6;
2022/04/12;1300 UTC;0;1011,8;1011,8;1010,8;1358,1;27,7;;28,3;26,8;;;;;;57;5,1;1,7;
2022/04/12;1400 UTC;0;1011,6;1011,8;1011,5;1889,8;29,1;;29,3;27,5;;;;;;50;5;1,6;
2022/04/12;1500 UTC;0;1010,9;1011,6;1010,9;2147,9;28,8;;30,3;28,2;;;;;;73;6,4;1,7;
2022/04/12;1600 UTC;0;1009,2;1010,9;1009,2;1976,8;29;;29,6;28,3;;;;;;84;4,5;1,1;
2022/04/12;1700 UTC;0;1007,7;1009,2;1007,7;1585,2;28,9;;29,8;28,5;;;;;;138;3,7;1,9;
2022/04/12;1800 UTC;0;1006,5;1007,7;1006,5;1340,7;29,3;;29,7;28,8;;;;;;60;3,7;,8;
2022/04/12;1900 UTC;0;1006;1006,5;1006;936,8;28,3;;29,9;28,3;;;;;;111;5,1;2,2;
2022/04/12;2000 UTC;,2;1006;1006;1005,7;760,9;27,3;;28,3;26,8;;;;;;185;5,1;1,1;
2022/04/12;2100 UTC;0;1006,3;1006,3;1005,9;380,5;27,2;;27,6;27,2;;;;;;106;1,9;,9;
2022/04/12;2200 UTC;0;1006,8;1006,8;1006,3;38,5;26,4;;27,2;26,4;;;;;;87;2,7;,8;
2022/04/12;2300 UTC;0;1007,2;1007,4;1006,8;;25,8;;26,4;25,8;;;;;;188;2,7;,5;
2022/04/13;0000 UTC;0;1008,1;1008,1;1007,2;;25,4;;25,8;25,4;;;;;;192;2,4;1,1;
2022/04/13;0100 UTC;0;1009,4;1009,4;1008,1;;24,8;24,3;25,4;24,8;24,7;24,3;97;97;97;132;2,7;1,2;
2022/04/13;0200 UTC;0;1009,6;1009,6;1009,3;;24,3;23,4;24,8;24,2;24,2;23,4;97;95;95;119;2,5;,9;
2022/04/13;0300 UTC;0;1010;1010;1009,6;;24;23,4;24,3;24;23,4;23,2;96;95;96;226;1,9;,3;
2022/04/13;0400 UTC;0;1009,6;1010;1009,6;;24,2;23,6;24,2;24;23,6;23,3;97;96;97;70;1;,5;
2022/04/13;0500 UTC;0;1009;1009,6;1009;;23,9;23,5;24,2;23,9;23,6;23,5;98;96;98;176;1,1;,3;
2022/04/13;0600 UTC;0;1008,6;1009;1008,6;;23,6;23,3;24;23,5;23,6;23,2;98;98;98;91;,8;,4;
2022/04/13;0700 UTC;0;1007,9;1008,6;1007,8;;23,4;23,1;23,6;23,3;23,3;23;98;98;98;42;1,2;,3;
2022/04/13;0800 UTC;0;1007,7;1008;1007,6;;23;22,8;23,4;23;23,1;22,7;98;98;98;307;1;,7;
2022/04/13;0900 UTC;0;1008,3;1008,3;1007,7;;23,1;22,8;23,1;22,8;22,8;22,5;99;98;99;229;1,1;,3;
2022/04/13;1000 UTC;0;1008,8;1008,8;1008,3;39;23,7;23,4;23,7;23,1;23,4;22,8;99;98;99;354;,9;,3;
2022/04/13;1100 UTC;0;1009,9;1009,9;1008,8;566;27,1;24,7;27,2;23,7;25,3;23,5;99;87;87;79;2,3;,9;
2022/04/13;1200 UTC;0;1010,4;1010,4;1009,9;1222,8;27,2;24,7;27,4;26,7;25,2;24,1;88;85;86;56;4,7;1,9;
2022/04/13;1300 UTC;0;1010,2;1010,5;1010,2;1844,5;29,5;25,3;29,5;27;25,4;24;88;77;78;60;5,7;2,5;
2022/04/13;1400 UTC;,2;1010,4;1010,5;1010,2;2116,6;29,2;24,5;30,1;28,6;25,8;23,7;79;72;76;61;6,3;2;
2022/04/13;1500 UTC;0;1009,8;1010,4;1009,8;2168,9;29,9;24,8;31;28,9;25,8;23,9;77;70;74;70;5,8;1,6;
2022/04/13;1600 UTC;0;1008,1;1009,8;1008,1;2080,8;30;24,7;31,3;29,2;25,7;24;77;67;73;56;5,1;1,2;
2022/04/13;1700 UTC;5,4;1006,7;1008,1;1006,7;1090,7;27,7;25,8;30,1;25,9;26,4;24,3;94;72;89;181;4,7;1,1;
2022/04/13;1800 UTC;,2;1006,1;1006,7;1006,1;1419,9;27;24,5;29,5;26,4;26,7;23,8;93;80;87;126;4,9;,9;
2022/04/13;1900 UTC;0;1005,3;1006,1;1005,2;2315,4;29,3;25,7;30,1;27;26,2;24,7;89;74;81;59;5,9;1,3;
2022/04/13;2000 UTC;0;1005,9;1005,9;1005,3;744;27,3;23,9;29,3;27,3;25,9;23,9;85;80;81;115;6,4;3,2;
2022/04/13;2100 UTC;0;1005,9;1006;1005,7;415,4;25,3;23;27,3;25,3;23,6;22,4;88;79;87;90;9,6;,9;
2022/04/13;2200 UTC;0;1006,2;1006,3;1005,9;47,7;24,5;23,2;25,3;24,5;23,2;22,9;93;87;93;74;3,1;,8;
2022/04/13;2300 UTC;0;1006,8;1006,8;1006,2;;24,2;23,2;24,5;24,2;23,3;23,1;94;92;94;104;2;1,1;
2022/04/14;0000 UTC;0;1008,2;1008,2;1006,8;;24,2;23,2;24,3;24;23,3;23,1;95;94;94;69;2,2;,6;
2022/04/14;0100 UTC;0;1009,2;1009,2;1008,2;;24,1;23,5;24,4;24,1;23,6;23,2;97;94;97;137;1,6;,5;
2022/04/14;0200 UTC;0;1009,7;1009,7;1009,2;;23,8;23,3;24,2;23,8;23,6;23,3;97;97;97;160;1,1;,7;
2022/04/14;0300 UTC;0;1009,5;1009,7;1009,5;;23,7;23,3;23,8;23,7;23,4;23,3;98;97;98;68;1,2;,5;
2022/04/14;0400 UTC;0;1008,4;1009,5;1008,4;;24,3;23,8;24,3;23,5;23,8;23,2;98;97;97;66;2,1;,9;
2022/04/14;0500 UTC;0;1007,5;1008,4;1007,5;;24,8;23,8;24,8;24,3;23,9;23,7;97;94;94;50;3;1,1;
2022/04/14;0600 UTC;0;1006,7;1007,5;1006,7;;24,7;23,7;24,8;24,7;23,8;23,6;94;93;94;60;3,5;1;
2022/04/14;0700 UTC;0;1006,6;1006,7;1006,2;;24,6;23,8;24,7;24,6;23,8;23,6;95;94;95;58;3;1;
2022/04/14;0800 UTC;0;1006,7;1006,7;1006,5;;24,3;23,5;24,6;24,3;23,8;23,5;95;94;95;59;2,5;,4;
2022/04/14;0900 UTC;0;1007,6;1007,6;1006,7;;23,6;23,2;24,3;23,5;23,6;23,1;98;95;98;198;1,4;,9;
2022/04/14;1000 UTC;0;1008,7;1008,7;1007,6;23;24,2;23,8;24,2;23,6;23,8;23,2;98;98;98;192;1,4;,5;
2022/04/14;1100 UTC;0;1009,7;1009,7;1008,7;400;26,2;24,5;26,2;24,2;24,7;23,9;98;90;90;140;1,9;,7;
2022/04/14;1200 UTC;0;1010,4;1010,4;1009,7;1005;27,1;24,2;27,6;26,2;24,9;23,9;91;82;84;43;3,6;1,4;
2022/04/14;1300 UTC;,2;1011;1011;1010,4;1869,7;29,6;24,9;29,7;27,1;25,2;23,8;86;74;76;77;4,8;1;
2022/04/14;1400 UTC;0;1010,9;1011,1;1010,9;2235,6;30;23,7;30,3;28,4;25,1;22,6;78;68;69;102;5,8;1,9;
2022/04/14;1500 UTC;0;1010,1;1010,9;1010,1;2305;29,9;;30,8;29,4;;;;;;118;5,8;1,9;
2022/04/14;1600 UTC;,8;1009;1010,1;1009;2638,3;30,9;;31,1;27,6;;;;;;77;4;1,1;
2022/04/14;1700 UTC;0;1007,1;1009;1007,1;3249,9;30,5;;31,4;30;;;;;;348;3,8;1,1;
2022/04/14;1800 UTC;0;1005,7;1007,1;1005,7;1792,6;31,1;;31,6;29,6;;;;;;88;3,3;1;
2022/04/14;1900 UTC;4,8;1005,7;1005,8;1005,2;1289,9;24,1;;31,1;24,1;;;;;;105;11;1,8;
2022/04/14;2000 UTC;1,2;1005,3;1005,7;1005;231,3;24,9;;24,9;24,1;;;;;;261;4,5;,5;
2022/04/14;2100 UTC;0;1005,5;1005,5;1005,1;310,9;25,6;;25,7;24,9;;;;;;215;2,3;1,2;
2022/04/14;2200 UTC;0;1005,8;1005,8;1005,4;43,7;25;;25,6;25;;;;;;76;2,4;,4;
2022/04/14;2300 UTC;0;1007,1;1007,1;1005,8;;24,7;;25;24,6;;;;;;159;2,8;,5;
2022/04/15;0000 UTC;0;1008;1008,1;1007,1;;24,5;;24,7;24,5;;;;;;93;1,1;,3;
2022/04/15;0100 UTC;0;1008,8;1008,8;1008;;24,4;;24,6;24,4;;;;;;3;1,4;,3;
2022/04/15;0200 UTC;0;1009,3;1009,4;1008,8;;24,4;;24,5;24,3;;;;;;91;,9;,3;
2022/04/15;0300 UTC;0;1008,8;1009,3;1008,8;;23,9;;24,4;23,9;;;;;;303;,9;,6;
2022/04/15;0400 UTC;0;1008,6;1008,8;1008,4;;23,8;;23,9;23,7;;;;;;203;,8;,4;
2022/04/15;0500 UTC;0;1008,2;1008,6;1008,2;;23,9;;23,9;23,7;;;;;;307;,9;,2;
2022/04/15;0600 UTC;0;1007,6;1008,2;1007,5;;24;;24;23,9;;;;;;251;1,3;,5;
2022/04/15;0700 UTC;0;1007,7;1007,7;1007,5;;24,3;;24,3;24;;;;;;159;1,3;,7;
2022/04/15;0800 UTC;4;1008,3;1008,3;1007,7;;24,5;;24,6;24,3;;;;;;66;5,1;1,3;
2022/04/15;0900 UTC;,6;1008,6;1008,6;1008,2;;23,9;;24,5;23,9;;;;;;50;5,1;,5;
2022/04/15;1000 UTC;1,2;1009,4;1009,4;1008,6;12,4;24,1;;24,1;23,9;;;;;;102;1,7;,4;
2022/04/15;1100 UTC;,2;1010,2;1010,2;1009,4;160,4;24,9;;24,9;24,1;;;;;;85;1,2;,3;
2022/04/15;1200 UTC;0;1010,7;1010,7;1010,2;796,8;27;;27,1;24,9;;;;;;82;3;1;
2022/04/15;1300 UTC;,2;1010,6;1010,7;1010,5;1830,6;28,5;;28,7;26,8;;;;;;66;4,9;2,1;
2022/04/15;1400 UTC;0;1010,1;1010,7;1010,1;2326,9;29,9;;30,3;28,4;;;;;;89;5,2;1,8;
2022/04/15;1500 UTC;0;1009,6;1010,1;1009,6;2991,3;30,4;;30,9;29,4;;;;;;32;4,3;1,7;
2022/04/15;1600 UTC;0;1008,6;1009,6;1008,6;3308,8;31,3;;31,8;30;;;;;;37;4,6;1,7;
2022/04/15;1700 UTC;0;1007,2;1008,6;1007,2;3068;31,5;;32,4;30,5;;;;;;51;5;1,8;
2022/04/15;1800 UTC;0;1006,1;1007,2;1006;1716,4;29,5;;32;29,5;;;;;;91;4,4;1;
2022/04/15;1900 UTC;37,4;1006,5;1006,9;1005,8;127,7;24,9;;29,5;24,8;;;;;;54;7,5;1,3;
2022/04/15;2000 UTC;2,2;1005,7;1006,4;1005,6;213,9;25,7;;25,7;24,6;;;;;;90;3,8;,4;
2022/04/15;2100 UTC;0;1006,4;1006,4;1005,7;183,9;25,9;;26;25,6;;;;;;118;2,2;,8;
2022/04/15;2200 UTC;0;1007,3;1007,3;1006,4;46,4;25,7;;26;25,6;;;;;;111;2,1;1;
2022/04/15;2300 UTC;0;1007,9;1007,9;1007,3;;25,3;;25,7;25,2;;;;;;347;2,1;,2;
2022/04/16;0000 UTC;0;1008;1008;1007,6;;25;;25,3;25;;;;;;18;1,3;,3;
2022/04/16;0100 UTC;0;1009,6;1009,6;1008;;25,3;24,7;25,3;24,9;24,8;24,5;98;97;97;97;1,4;,8;
2022/04/16;0200 UTC;0;1010,2;1010,2;1009,6;;25,1;;25,5;25,1;;;;;;98;2,6;,4;
2022/04/16;0300 UTC;0;1010;1010,2;1009,9;;25,3;;25,4;25,1;;;;;;95;2,2;,6;
2022/04/16;0400 UTC;0;1008,9;1010;1008,9;;25,3;;25,4;25,2;;;;;;99;2,2;,7;
2022/04/16;0500 UTC;0;1008,3;1008,9;1008,3;;24,8;;25,3;24,8;;;;;;87;2,5;,6;
2022/04/16;0600 UTC;0;1007,9;1008,3;1007,9;;24,5;;24,8;24,5;;;;;;76;2,3;,7;
2022/04/16;0700 UTC;0;1008;1008,1;1007,8;;24,4;;24,5;24,2;;;;;;122;2,3;,9;
2022/04/16;0800 UTC;0;1008;1008,1;1007,9;;24,3;;24,5;24,3;;;;;;36;1,5;,3;
2022/04/16;0900 UTC;0;1008,8;1008,8;1008;;24,2;;24,3;24,2;;;;;;102;1;,2;
2022/04/16;1000 UTC;0;1009,2;1009,2;1008,7;48,5;24,7;;24,7;24;;;;;;51;2,1;,7;
2022/04/16;1100 UTC;0;1009,8;1009,8;1009,1;333;25,9;;25,9;24,7;;;;;;44;3,4;1,1;
2022/04/16;1200 UTC;0;1011;1011;1009,8;794,2;27,4;;27,4;25,9;;;;;;60;3;,9;
2022/04/16;1300 UTC;0;1011,3;1011,3;1011;1214,5;28,1;;28,3;27,2;;;;;;77;3;1;
2022/04/16;1400 UTC;0;1011,2;1011,4;1011,2;2521,3;29,7;;30,5;27,9;;;;;;39;5,6;1,7;
2022/04/16;1500 UTC;0;1010,5;1011,2;1010,5;2862,8;30,1;;31,5;29,5;;;;;;58;4,7;1,5;
2022/04/16;1600 UTC;0;1009,3;1010,5;1009,3;2954,1;31,1;;31,1;29,7;;;;;;35;4,5;1,7;
2022/04/16;1700 UTC;0;1007,8;1009,3;1007,8;3232,9;31,2;;32,2;30,3;;;;;;36;5,1;1,6;
2022/04/16;1800 UTC;0;1006,5;1007,8;1006,5;2596,6;31,9;;32,1;30,5;;;;;;52;5,5;1,7;
2022/04/16;1900 UTC;0;1006,1;1006,5;1006;1431,4;30;;31,9;30;;;;;;31;4,7;1,2;
2022/04/16;2000 UTC;0;1005,8;1006,1;1005,8;675,1;30,2;;30,3;29,8;;;;;;52;3;,9;
2022/04/16;2100 UTC;0;1006,7;1006,7;1005,7;456,8;29,9;;30,2;29,8;;;;;;87;3,2;1,1;
2022/04/16;2200 UTC;0;1007,8;1007,8;1006,5;147,9;27,2;;29,9;27,2;;;;;;75;6,1;2,3;
2022/04/16;2300 UTC;0;1007,5;1007,8;1007,4;;25,8;;27,2;25,8;;;;;;119;5,8;1,3;
2022/04/17;0000 UTC;0;1008,7;1008,7;1007,5;;25,2;;25,8;25,2;;;;;;106;3,1;,6;
2022/04/17;0100 UTC;0;1010,3;1010,3;1008,7;;25;;25,3;25;;;;;;118;3,7;1,7;
2022/04/17;0200 UTC;0;1010,6;1010,8;1010,3;;24,8;;25;24,8;;;;;;77;4,2;,6;
2022/04/17;0300 UTC;0;1009,6;1010,6;1009,6;;24,4;;24,8;24,4;;;;;;135;2,1;,9;
2022/04/17;0400 UTC;0;1009,3;1009,7;1009,3;;24,2;;24,4;24,2;;;;;;103;1,7;,7;
2022/04/17;0500 UTC;0;1008,3;1009,3;1008,3;;23,9;;24,3;23,9;;;;;;205;1,7;,6;
2022/04/17;0600 UTC;0;1007,8;1008,3;1007,8;;23,7;;24;23,7;;;;;;165;1,6;,4;
2022/04/17;0700 UTC;0;1007,8;1007,9;1007,8;;23,5;;23,7;23,4;;;;;;67;1,1;,5;
2022/04/17;0800 UTC;0;1008,2;1008,2;1007,8;;23,6;;23,6;23,4;;;;;;92;2,4;,8;
2022/04/17;0900 UTC;0;1008,8;1008,8;1008,2;;23,5;;23,6;23,5;;;;;;156;2,1;1;
2022/04/17;1000 UTC;0;1009,1;1009,1;1008,8;30,6;23,5;;23,5;23,4;;;;;;111;2,3;,9;
2022/04/17;1100 UTC;0;1009,6;1009,6;1009,1;264,1;24,3;;24,3;23,4;;;;;;130;2,5;1,4;
2022/04/17;1200 UTC;0;1011;1011;1009,6;825,5;26,1;;26,1;24,3;;;;;;102;2,8;1;
2022/04/17;1300 UTC;0;1011,3;1011,5;1011;1167,6;27,3;;27,3;25,7;;;;;;81;3,3;1,3;
2022/04/17;1400 UTC;0;1011,1;1011,3;1011,1;1954,1;29,4;;29,5;27,1;;;;;;108;3,5;,6;
2022/04/17;1500 UTC;0;1010;1011,1;1010;2496,5;30,4;;30,7;28,9;;;;;;38;3,6;1,4;
2022/04/17;1600 UTC;0;1008,8;1010;1008,8;1962,4;29,7;;30,9;29,2;;;;;;258;3,7;1,6;
2022/04/17;1700 UTC;,6;1007,5;1008,8;1007,5;996,5;28,8;;29,7;28;;;;;;327;3,7;1,3;
2022/04/17;1800 UTC;0;1006,3;1007,5;1006,3;3216,1;30,9;;30,9;28,8;;;;;;294;4,2;2,1;
2022/04/17;1900 UTC;11,2;1006,4;1006,4;1005,8;1576,4;24,7;;31,9;24,7;;;;;;42;6,7;2,6;
2022/04/17;2000 UTC;3;1007;1007;1006,3;89;25,2;;25,9;24,7;;;;;;184;6,6;1,8;
2022/04/17;2100 UTC;0;1006,8;1007,3;1006,7;15,3;24,6;;25,1;24,3;;;;;;93;4,2;1;
2022/04/17;2200 UTC;,2;1008,4;1008,4;1006,8;;24,5;;24,7;24,3;;;;;;37;2,4;,4;
2022/04/17;2300 UTC;1,4;1009,7;1009,7;1008,4;;24,6;;24,7;24,5;;;;;;65;1,5;,4;
2022/04/18;0000 UTC;,4;1010,2;1010,2;1009,7;;24,5;;24,6;24,4;;;;;;87;1,6;,7;
2022/04/18;0100 UTC;0;1010,8;1010,8;1010,2;;24,4;;24,6;24,4;;;;;;166;1,4;,3;
2022/04/18;0200 UTC;0;1011,4;1011,4;1010,8;;24,5;;24,5;24,4;;;;;;121;1,5;,6;
2022/04/18;0300 UTC;0;1011,1;1011,4;1011,1;;24,4;;24,5;24,4;;;;;;60;1,3;,3;
2022/04/18;0400 UTC;0;1010,4;1011,1;1010,4;;24,4;;24,5;24,3;;;;;;199;1;,5;
2022/04/18;0500 UTC;,4;1010;1010,4;1010;;24,5;;24,6;24,4;;;;;;94;2,3;1,1;
2022/04/18;0600 UTC;7;1008,6;1010;1008,6;;24,3;;24,6;24,3;;;;;;66;4,9;1,1;
2022/04/18;0700 UTC;,6;1008,2;1008,6;1008,2;;24,3;;24,5;24,3;;;;;;201;3,4;,6;
2022/04/18;0800 UTC;,2;1007,9;1008,2;1007,8;;23,7;;24,3;23,7;;;;;;221;2,3;1,5;
2022/04/18;0900 UTC;0;1007,6;1007,9;1007,5;;23,7;23,4;23,8;23,7;23,5;23,4;98;98;98;316;2,2;,8;
2022/04/18;1000 UTC;0;1008,6;1008,6;1007,5;68;24,8;24,5;24,8;23,7;24,5;23,4;98;98;98;88;2;,8;
2022/04/18;1100 UTC;0;1009,9;1009,9;1008,6;599,4;26,3;24,9;26,4;24,8;25,2;24,3;98;91;92;113;4;2;
2022/04/18;1200 UTC;0;1010,9;1010,9;1009,9;918,2;26,6;24,6;27,3;26;25,4;24,2;94;85;89;96;4;1,8;
2022/04/18;1300 UTC;0;1011,2;1011,2;1010,9;2031,6;28,5;24,4;29,2;26,6;25,4;24,2;89;75;79;89;3,8;1,5;
2022/04/18;1400 UTC;0;1011,3;1011,5;1011,2;2251,5;29,6;24,4;29,7;28,4;25,6;23,8;82;72;74;72;4,8;1,1;
2022/04/18;1500 UTC;0;1010,8;1011,4;1010,8;2889,3;30,7;24,6;31,4;29,2;25,5;22,6;77;63;70;67;3,9;1,2;
2022/04/18;1600 UTC;0;1009,8;1010,8;1009,8;2457,3;30,8;24,1;31,6;29,4;24,8;23;72;60;68;67;3,4;1,4;
2022/04/18;1700 UTC;0;1008,5;1009,8;1008,5;3000,4;32,3;23,1;32,4;30,4;24,8;22,7;70;58;58;14;4,3;,9;
2022/04/18;1800 UTC;0;1006,9;1008,5;1006,9;2614,7;32;;32,8;30,6;24,7;22,8;67;57;;38;4,2;1,9;
2022/04/18;1900 UTC;0;1005,9;1006,9;1005,9;1951,2;31,6;;32,8;30,6;;;;;;37;6,1;1,3;
2022/04/18;2000 UTC;0;1005,8;1005,9;1005,6;1477,1;30,6;;32,5;30,6;;;;;;214;3,9;2,1;
2022/04/18;2100 UTC;0;1006;1006;1005,7;298,9;30,1;;31,4;30,1;;;;;;328;3,5;,5;
2022/04/18;2200 UTC;0;1006,9;1006,9;1006;30,3;27,2;;30,2;27,2;;;;;;212;2,1;,7;
2022/04/18;2300 UTC;0;1007,7;1007,7;1006,9;;26,1;;27,2;26,1;;;;;;210;1,2;,5;
2022/04/19;0000 UTC;0;1008,8;1008,8;1007,7;;25,6;;26,1;25,6;;;;;;122;,9;,4;
2022/04/19;0100 UTC;0;1009,7;1009,7;1008,8;;25,4;24,9;25,6;25,4;;;;;97;68;1,1;,4;
2022/04/19;0200 UTC;0;1010,5;1010,5;1009,7;;25,5;24,8;25,6;25,3;25;24,7;97;95;96;78;2,4;,8;
2022/04/19;0300 UTC;4;1010,7;1011;1010,5;;24,4;23,8;26,1;24,4;25,1;23,6;97;90;96;296;6,1;1,2;
2022/04/19;0400 UTC;2,6;1010;1010,7;1010;;24,5;23,9;24,6;24,3;24,1;23,7;97;96;96;105;2,4;1,1;
2022/04/19;0500 UTC;,4;1008,8;1010;1008,8;;24,2;23,7;24,5;24,2;23,8;23,6;97;95;97;94;2,4;1,1;
2022/04/19;0600 UTC;0;1008,1;1008,8;1008,1;;23,9;23,5;24,2;23,9;23,7;23,4;98;97;97;63;2,3;,4;
2022/04/19;0700 UTC;0;1007,9;1008,1;1007,7;;24;23,5;24;23,8;23,6;23,4;98;97;97;128;1,9;,8;
2022/04/19;0800 UTC;,2;1008,3;1008,3;1007,9;;24,1;23,6;24,1;23,9;23,6;23,4;97;97;97;123;2,5;1;
2022/04/19;0900 UTC;0;1008,6;1008,6;1008,3;;24,3;23,8;24,3;24,1;23,8;23,6;97;97;97;97;1,8;1;
2022/04/19;1000 UTC;0;1009,2;1009,2;1008,6;41,7;24,6;24;24,6;24,3;24,1;23,8;97;97;97;87;1,8;,5;
2022/04/19;1100 UTC;0;1010,3;1010,3;1009,2;306,5;25,3;24,2;25,5;24,6;24,7;23,9;97;93;94;83;2,6;,7;
2022/04/19;1200 UTC;0;1010,8;1010,8;1010,3;843,9;26,5;24,7;26,6;25,3;24,8;24,2;94;88;90;128;3,9;2;
2022/04/19;1300 UTC;0;1011,2;1011,2;1010,8;1393,9;27,7;24,4;27,8;26,5;25;23,9;90;81;83;87;3,8;1;
2022/04/19;1400 UTC;0;1010,9;1011,2;1010,9;2291,1;29,6;24,3;30,3;27,7;25,8;23,9;85;72;73;109;4,4;1,6;
2022/04/19;1500 UTC;0;1009,9;1011;1009,9;3262,2;30,6;24,9;30,7;28,9;25,3;23,2;79;66;72;37;7;1,3;
2022/04/19;1600 UTC;0;1008,9;1009,9;1008,9;3215,3;31,1;23,9;31,9;30;25,7;22,9;73;62;65;138;5,7;1,5;
2022/04/19;1700 UTC;0;1007,5;1008,9;1007,5;1510,4;30,1;25,1;31,1;28,9;26,1;23;82;64;75;97;3,8;1,2;
2022/04/19;1800 UTC;,2;1006,2;1007,5;1006,2;2393,3;31,5;24,4;31,7;29,1;26,2;24,1;81;66;66;40;3;1,5;
2022/04/19;1900 UTC;0;1005,5;1006,2;1005,5;2421,9;32,1;24,2;32,7;31,5;25,6;23,5;71;60;63;8;3,2;1,2;
2022/04/19;2000 UTC;0;1005,5;1005,5;1005,3;1235,1;30,6;25,2;32,5;30,6;25,4;23,8;73;62;73;78;3,2;,7;
2022/04/19;2100 UTC;0;1006,1;1006,1;1005,4;195;26,6;24,6;30,6;26,5;25,6;24,4;89;73;89;5;4,9;,6;
2022/04/19;2200 UTC;0;1006,5;1006,6;1006,1;39,7;26;24,8;26,6;26;24,8;24,4;93;88;93;308;1,5;,3;
2022/04/19;2300 UTC;0;1008;1008;1006,5;;25,4;24,6;26;25,4;24,9;24,6;96;93;95;189;1,4;,6;
2022/04/20;0000 UTC;0;1008,9;1008,9;1008;;25,4;24,5;25,6;25,3;24,6;24,4;96;93;95;144;2,6;,4;
2022/04/20;0100 UTC;0;1009,4;1009,5;1008,9;;25,4;24,6;25,7;25,2;24,8;24,5;97;95;95;99;3,2;,5;
2022/04/20;0200 UTC;0;1009,9;1010;1009,4;;25,4;24,5;25,6;25,2;24,7;24,5;96;95;95;70;1,8;,5;
2022/04/20;0300 UTC;0;1009,5;1009,9;1009,5;;24,8;24;25,4;24,8;24,5;24;96;94;95;136;2,3;1,1;
2022/04/20;0400 UTC;0;1008,9;1009,5;1008,8;;24,5;24;24,9;24,4;24;23,8;97;95;97;;1,9;,2;
2022/04/20;0500 UTC;0;1008,2;1008,9;1008,2;;24,8;24,4;24,8;24,5;24,4;24,1;97;97;97;37;,6;,2;
2022/04/20;0600 UTC;0;1007,8;1008,2;1007,8;;24,9;24,5;24,9;24,8;24,5;24,4;97;97;97;283;,6;,2;
2022/04/20;0700 UTC;0;1007,2;1007,9;1007,2;;24,8;24,4;24,9;24,8;24,5;24,4;98;97;98;51;,8;,3;
2022/04/20;0800 UTC;0;1007,5;1007,5;1007,2;;24,5;24,1;24,8;24,5;24,4;24,1;98;98;98;288;,8;,3;
2022/04/20;0900 UTC;0;1008,4;1008,4;1007,5;;24,7;24,4;24,7;24,3;24,4;24;98;98;98;;1;,2;
2022/04/20;1000 UTC;0;1008,6;1008,7;1008,4;56,3;25,4;25;25,4;24,7;25;24,4;98;98;98;81;1,5;,4;
2022/04/20;1100 UTC;0;1009,7;1009,7;1008,6;363,6;26,1;25,2;26,1;25,4;25,3;24,9;98;94;95;105;2,2;,8;
2022/04/20;1200 UTC;0;1010,4;1010,4;1009,7;518,4;26,9;25,4;26,9;26;25,8;25;95;91;92;104;2;,9;
2022/04/20;1300 UTC;0;1010,9;1010,9;1010,4;1356,8;28,8;25,6;28,8;26,8;25,9;25;92;82;83;54;4,6;1,8;
2022/04/20;1400 UTC;3,2;1010,7;1010,9;1010,7;964,6;26;24,5;28,9;25,8;25,7;24,2;95;81;91;197;4,8;,9;
2022/04/20;1500 UTC;,4;1010;1010,7;1010;1014,7;27,3;26;27,3;26;26;24,5;94;89;93;193;2;1,1;
2022/04/20;1600 UTC;,6;1008,6;1010;1008,6;1590,1;27,8;25,8;28,4;27,3;26,8;25,2;95;83;89;147;3,1;,8;
2022/04/20;1700 UTC;,4;1007,5;1008,7;1007,5;837,9;26,9;25,3;27,9;26,9;26,5;25,3;93;88;91;190;4,2;2,4;
2022/04/20;1800 UTC;0;1006,3;1007,5;1006,3;459,7;26,5;25,1;26,9;26,4;25,5;25,1;95;91;92;200;4,2;1,9;
2022/04/20;1900 UTC;0;1006,3;1006,6;1005,9;1008,9;27,6;25,4;27,6;26,5;25,7;25;93;86;88;215;4,2;1,1;
2022/04/20;2000 UTC;0;1007,4;1007,4;1006,3;572,8;27,2;25;27,7;27,2;25,6;24,7;89;86;88;132;3,6;1,4;
2022/04/20;2100 UTC;,2;1007,9;1007,9;1007,4;100,5;25,8;24,5;27,2;25,8;25,4;24,3;94;88;93;79;5,4;1,8;
2022/04/20;2200 UTC;11,4;1008,4;1008,5;1007,9;;24,5;24,1;25,8;24,5;24,5;24;97;93;97;157;6,4;,6;
2022/04/20;2300 UTC;2;1009,4;1009,4;1008,4;;24,3;23,9;24,6;24,3;24,2;23,9;98;97;98;11;1,5;,3;
2022/04/21;0000 UTC;,6;1009,9;1009,9;1009,4;;24,4;24,1;24,5;24,3;24,1;23,9;98;98;98;111;1,2;,5;
2022/04/21;0100 UTC;0;1010,6;1010,7;1009,9;;24,4;24;24,5;24,4;24,2;24;98;98;98;357;1,6;,4;
2022/04/21;0200 UTC;0;1010,4;1010,7;1010,4;;24,1;23,8;24,4;24,1;24;23,8;98;98;98;124;1,5;,5;
2022/04/21;0300 UTC;,4;1009,9;1010,4;1009,9;;23,9;23,6;24,1;23,9;23,8;23,6;98;98;98;187;1,3;,8;
2022/04/21;0400 UTC;0;1009,2;1009,9;1009,2;;23,9;23,6;23,9;23,8;23,6;23,5;98;98;98;94;1,6;,8;
2022/04/21;0500 UTC;0;1008,8;1009,2;1008,7;;23,8;23,5;23,9;23,7;23,6;23,4;98;98;98;264;1,5;,5;
2022/04/21;0600 UTC;0;1008,7;1008,8;1008,7;;23,9;23,7;24;23,8;23,7;23,5;98;98;98;123;1,9;,8;
2022/04/21;0700 UTC;0;1007,7;1008,7;1007,7;;23,8;23,2;24;23,8;23,7;23,2;98;97;97;102;2,2;,6;
2022/04/21;0800 UTC;0;1007,6;1008,1;1007,6;;23,2;22,8;23,8;23,2;23,2;22,8;98;97;98;321;1,7;,9;
2022/04/21;0900 UTC;0;1008,6;1008,6;1007,6;;23;22,7;23,2;23;22,9;22,6;98;98;98;34;1,4;,4;
2022/04/21;1000 UTC;0;1009,2;1009,2;1008,6;39,6;23,1;22,9;23,1;22,8;22,9;22,5;98;98;98;;1;,3;
2022/04/21;1100 UTC;0;1010;1010;1009,2;533,7;25,2;24;25,3;23,1;24,4;22,9;99;93;93;303;1,7;1;
2022/04/21;1200 UTC;0;1010,9;1010,9;1010;1248,4;27,5;23,7;27,6;25,2;24,8;23,5;94;79;79;338;2,1;,6;
2022/04/21;1300 UTC;0;1011,1;1011,1;1010,9;1662,2;27,8;;28,7;27,4;;;;;;14;3,2;1,2;
2022/04/21;1400 UTC;0;1011;1011,1;1011;1570,6;29,1;;29,1;27,8;;;;;;10;3;,8;
2022/04/21;1500 UTC;0;1010,2;1011;1010,2;1766,2;29,7;;29,7;28,5;;;;;;253;3,6;1,2;
2022/04/21;1600 UTC;0;1008,6;1010,2;1008,6;2829,8;30,2;;31,3;29,6;;;;;;315;3,3;1;
2022/04/21;1700 UTC;0;1007,3;1008,6;1007,3;1123,6;28,5;;30,2;25,9;;;;;;304;5,3;1,4;
2022/04/21;1800 UTC;,2;1006,3;1007,3;1006,3;2776,6;28,3;;30,4;28,3;;;;;;44;5;1,9;
2022/04/21;1900 UTC;0;1005,6;1006,3;1005,5;1734,7;29,9;;30,9;28;;;;;;274;4,3;1,2;
2022/04/21;2000 UTC;0;1006,1;1006,1;1005,6;779;27,6;;29,9;27,6;;;;;;108;4,1;1,6;
2022/04/21;2100 UTC;0;1007;1007;1006,1;161,4;26,1;;27,6;26;;;;;;100;3,3;,7;
2022/04/21;2200 UTC;0;1007,7;1007,7;1007;3,7;25,8;;26,1;25,8;;;;;;97;2,4;,3;
2022/04/21;2300 UTC;0;1008,1;1008,3;1007,7;;25,6;;25,8;25,5;;;;;;79;1,9;,5;
2022/04/22;0000 UTC;0;1008,9;1008,9;1008,1;;25,1;;25,6;25,1;;;;;;104;3,8;1,7;
2022/04/22;0100 UTC;0;1010;1010;1008,9;;25,1;;25,2;25;;;;;;12;3,8;,7;
2022/04/22;0200 UTC;,2;1009,8;1010,2;1009,8;;25;;25,1;25;;;;;;6;1,8;,8;
2022/04/22;0300 UTC;0;1009,5;1009,8;1009,5;;25,3;;25,3;25;;;;;;39;3;1;
2022/04/22;0400 UTC;0;1009,3;1009,5;1009,2;;25,1;;25,4;25,1;;;;;;349;3;,6;
2022/04/22;0500 UTC;0;1008,9;1009,5;1008,9;;24,6;;25,1;24,6;;;;;;303;5,1;1,9;
2022/04/22;0600 UTC;0;1008,3;1008,9;1008,2;;24,2;;24,6;24,1;;;;;;305;3,8;1,2;
2022/04/22;0700 UTC;0;1008,1;1008,3;1008;;24,5;;24,5;24,2;;;;;;289;3,4;1,4;
2022/04/22;0800 UTC;0;1008,3;1008,3;1008;;24,5;;24,6;24,4;;;;;;286;2,8;1,1;
2022/04/22;0900 UTC;0;1008,7;1008,7;1008,3;;24,2;;24,5;24,2;;;;;;312;3,4;1,6;
2022/04/22;1000 UTC;0;1009,4;1009,4;1008,7;26,6;24,4;;24,4;24,2;;;;;;308;4,8;1,2;
2022/04/22;1100 UTC;0;1010,1;1010,1;1009,4;375,7;25,5;;25,5;24,4;;;;;;300;3,6;1,7;
2022/04/22;1200 UTC;0;1010,8;1010,8;1010,1;944,1;26,3;;26,9;25,5;;;;;;294;4,5;1,9;
2022/04/22;1300 UTC;0;1010,8;1010,9;1010,7;972,1;26,8;;26,9;26,2;;;;;;303;4,9;2,2;
2022/04/22;1400 UTC;0;1010,6;1010,8;1010,5;1723,4;28,5;;28,6;26,8;;;;;;316;4,9;1,5;
2022/04/22;1500 UTC;,2;1010;1010,6;1010;2895,8;30,9;;31;28,3;;;;;;330;5,8;1,9;
2022/04/22;1600 UTC;0;1008,9;1010;1008,9;3631,9;30,5;;31,3;29,5;;;;;;329;6,1;2,2;
2022/04/22;1700 UTC;0;1008,1;1008,9;1008,1;2536,2;30;;31,3;29,7;;;;;;310;5,8;2,1;
2022/04/22;1800 UTC;0;1007,3;1008,1;1007,3;2696,6;31,6;;31,7;30;;;;;;321;5,3;2;
2022/04/22;1900 UTC;0;1006,3;1007,3;1006,3;1924,6;30;;31,9;30;;;;;;332;5,2;1,4;
2022/04/22;2000 UTC;0;1005,8;1006,3;1005,7;269,8;28,1;;30;28,1;;;;;;322;3,9;1;
2022/04/22;2100 UTC;0;1006,4;1006,4;1005,8;109,4;27,3;;28,2;27,3;;;;;;341;1,8;,4;
2022/04/22;2200 UTC;0;1007,3;1007,3;1006,4;7;26,2;;27,3;26,2;;;;;;137;1;,4;
2022/04/22;2300 UTC;0;1008,4;1008,4;1007,3;;25,8;;26,2;25,7;;;;;;88;1,1;,3;
2022/04/23;0000 UTC;0;1009,4;1009,4;1008,4;;24,8;;26;24,8;;;;;;9;5,4;1,8;
2022/04/23;0100 UTC;0;1010,2;1010,2;1009,4;;24,5;;24,8;24,1;;;;;;60;4;,6;
2022/04/23;0200 UTC;0;1010,5;1010,5;1010,2;;24,3;;24,6;24,3;;;;;;64;5,9;1,6;
2022/04/23;0300 UTC;,2;1010,2;1010,5;1010,2;;23,9;;24,3;23,9;;;;;;67;5,9;1,1;
2022/04/23;0400 UTC;0;1009,3;1010,3;1009,3;;23,7;;23,9;23,7;;;;;;4;2,4;,6;
2022/04/23;0500 UTC;0;1008;1009,3;1008;;23,5;;23,7;23,5;;;;;;232;1,1;,1;
2022/04/23;0600 UTC;0;1007,1;1008;1007,1;;23,4;;23,6;23,4;;;;;;248;,9;,4;
2022/04/23;0700 UTC;0;1006,6;1007,1;1006,6;;23,3;;23,5;23,3;;;;;;246;1,3;,7;
2022/04/23;0800 UTC;0;1006,9;1006,9;1006,6;;23,1;;23,3;23,1;;;;;;217;2;,5;
2022/04/23;0900 UTC;0;1007,6;1007,6;1006,9;;23,2;;23,2;23;;;;;;205;1,6;,6;
2022/04/23;1000 UTC;0;1008,7;1008,7;1007,6;30,5;23,5;;23,5;23,2;;;;;;122;1,9;1,2;
2022/04/23;1100 UTC;0;1009,8;1009,8;1008,7;367,8;24,5;;24,5;23,5;;;;;;110;2,6;1,6;
2022/04/23;1200 UTC;0;1010,7;1010,7;1009,8;725,3;25,7;;25,7;24,5;;;;;;141;2,7;1,4;
2022/04/23;1300 UTC;0;1011;1011,1;1010,7;1268,3;27;;27,3;25,6;;;;;;113;4,3;2,2;
2022/04/23;1400 UTC;0;1011,1;1011,2;1010,9;2262,6;29,2;;29,2;27;;;;;;87;4,8;1,3;
2022/04/23;1500 UTC;,2;1010,9;1011,1;1010,8;3008,1;27,9;;30,2;27,9;;;;;;332;5,5;1,8;
2022/04/23;1600 UTC;0;1010,2;1010,9;1010;1525,8;27,3;;28,9;27,3;;;;;;296;5,5;1,8;
2022/04/23;1700 UTC;12,6;1009,1;1010,2;1009,1;296,5;24,2;;27,3;23,9;;;;;;267;4,2;,5;
2022/04/23;1800 UTC;,4;1008,2;1009,1;1008,2;328,2;24,7;;24,8;24,2;;;;;;102;2,7;,8;
2022/04/23;1900 UTC;,2;1007,6;1008,2;1007,6;985,4;26;;26,3;24,7;;;;;;92;2,1;,9;
2022/04/23;2000 UTC;0;1007,6;1007,6;1007,4;780,8;26,9;;26,9;26;;;;;;48;2;,6;
2022/04/23;2100 UTC;0;1007,9;1007,9;1007,6;337,8;26,5;;27;26,5;;;;;;76;1,6;,4;
2022/04/23;2200 UTC;0;1008,7;1008,7;1007,9;39,5;25,4;;26,6;25,4;;;;;;;1;,1;
2022/04/23;2300 UTC;0;1009;1009;1008,7;;24,7;;25,4;24,7;;;;;;209;1;,3;
2022/04/24;0000 UTC;0;1009,4;1009,4;1009;;24,7;;24,8;24,6;;;;;;302;1,8;,4;
2022/04/24;0100 UTC;0;1009,2;1009,4;1009,2;;24,6;;24,7;24,6;;;;;;203;2,1;1,3;
2022/04/24;0200 UTC;0;1008,6;1009,2;1008,6;;24,7;;24,7;24,6;;;;;;29;2,1;,6;
2022/04/24;0300 UTC;0;1008,4;1008,6;1008,2;;24,8;;24,9;24,6;;;;;;53;2;,5;
2022/04/24;0400 UTC;0;1009,9;1009,9;1008,4;;24,9;;25;24,7;;;;;;153;3,6;1,5;
2022/04/24;0500 UTC;0;1009,4;1009,9;1009,4;;24,8;24,2;24,9;24,8;24,3;24,2;97;96;97;73;3,7;1;
2022/04/24;0600 UTC;1,6;1009,6;1009,6;1009,4;;24,3;23,8;24,8;24,3;24,2;23,7;97;95;97;80;5,1;,8;
2022/04/24;0700 UTC;0;1008,9;1009,6;1008,8;;24,3;23,9;24,4;24,3;24;23,8;98;97;98;69;2,2;,7;
2022/04/24;0800 UTC;0;1009,6;1009,6;1008,9;;24,3;23,9;24,3;24,2;24;23,8;98;98;98;94;2;,8;
2022/04/24;0900 UTC;0;1009,8;1009,8;1009,6;;24,2;23,7;24,3;24,2;24;23,7;98;97;97;53;2,8;1,1;
2022/04/24;1000 UTC;0;1010,4;1010,4;1009,8;18,6;24,2;23,7;24,2;24,1;23,7;23,5;97;96;97;71;2,7;,5;
2022/04/24;1100 UTC;0;1011,4;1011,4;1010,4;242,6;25;24;25;24,2;24,1;23,7;97;94;94;76;2;,7;
2022/04/24;1200 UTC;0;1012,1;1012,1;1011,4;670,1;25,9;24,1;25,9;25;24,4;23,6;95;88;90;101;4,3;1,4;
2022/04/24;1300 UTC;0;1012,1;1012,1;1011,9;1999,8;27,2;24,2;28;25,9;24,9;23,2;90;78;84;124;5,3;1,8;
2022/04/24;1400 UTC;0;1011,6;1012,1;1011,6;2859;29,2;24,2;29,4;27,2;24,9;23;84;70;74;116;4,7;2,1;
2022/04/24;1500 UTC;,2;1010,7;1011,6;1010,7;3406,7;30,9;23,3;30,9;29,2;24,6;22;74;61;64;126;6;1,9;
2022/04/24;1600 UTC;0;1009,5;1010,7;1009,5;3390,3;31,7;23,2;31,7;29,6;24;21,8;67;58;61;169;4,6;1,8;
2022/04/24;1700 UTC;0;1008,6;1009,5;1008,6;3148,3;31,7;22,4;32,4;30;24,4;21,8;66;55;58;133;5,2;1,7;
2022/04/24;1800 UTC;0;1007,7;1008,6;1007,7;2439,6;32,1;23;32,6;30,8;23,6;21,5;62;55;59;188;5,1;1,6;
2022/04/24;1900 UTC;0;1007,1;1007,7;1007,1;1985,1;32,1;22,4;32,6;30,8;23,8;21,4;67;52;57;164;4,4;1,6;
2022/04/24;2000 UTC;0;1006,9;1007,1;1006,8;991,9;31,4;23,2;32,2;30,9;23,9;21,7;64;55;62;164;3,3;1,4;
2022/04/24;2100 UTC;0;1006,7;1006,9;1006,6;375,1;29,8;24,5;31,5;29,8;24,7;22,2;73;59;73;263;3,1;,5;
2022/04/24;2200 UTC;0;1006,9;1006,9;1006,5;18,7;27;25,2;29,8;27;25,4;24,1;90;73;90;176;1,3;,3;
2022/04/24;2300 UTC;0;1007,4;1007,4;1006,9;;25,6;24,9;27;25,6;25,5;24,7;95;90;95;171;,8;,4;
2022/04/25;0000 UTC;0;1008;1008;1007,4;;25;24,5;25,7;25;24,9;24,4;97;95;97;;,7;,2;
2022/04/25;0100 UTC;0;1008,9;1008,9;1008;;24,6;24,1;25;24,6;24,5;24,1;98;97;98;;,5;,1;
2022/04/25;0200 UTC;0;1009,5;1009,5;1008,9;;24,2;23,9;24,6;24,2;24,1;23,8;98;98;98;262;,7;,4;
2022/04/25;0300 UTC;0;1009,2;1009,5;1009,2;;24,2;23,8;24,3;24,1;23,9;23,8;98;98;98;227;,7;,4;
2022/04/25;0400 UTC;0;1008,6;1009,2;1008,6;;24,1;23,5;24,2;24;23,8;23,5;98;96;96;82;1,8;,5;
2022/04/25;0500 UTC;0;1007,9;1008,6;1007,9;;24,1;23,1;24,4;24,1;23,5;23,1;96;94;94;62;1,8;,6;
2022/04/25;0600 UTC;0;1007,7;1007,9;1007,6;;23,8;23,2;24,1;23,8;23,2;23;96;94;96;82;1,7;,5;
2022/04/25;0700 UTC;0;1007,9;1007,9;1007,7;;23,4;23;23,8;23,4;23,2;22,9;97;96;97;247;1,3;,4;
2022/04/25;0800 UTC;0;1008,3;1008,3;1007,8;;23,2;22,8;23,5;23,1;23;22,7;98;97;98;232;1,3;,8;
2022/04/25;0900 UTC;0;1008,7;1008,7;1008,3;;22,9;;23,2;22,9;22,8;21,1;98;27;;151;1,1;,4;
2022/04/25;1000 UTC;0;1009,3;1009,3;1008,7;39,3;23,2;;23,2;22,8;;;;;;;,9;,1;
2022/04/25;1100 UTC;0;1009,8;1009,8;1009,3;610,9;27;;27,1;23,2;;;;;;98;2,1;1;
2022/04/25;1200 UTC;0;1010,4;1010,4;1009,8;1490,1;28,1;;28,6;26,7;;;;;;46;4;1,4;
2022/04/25;1300 UTC;0;1010,5;1010,6;1010,4;2099,9;30;;30,4;27,9;;;;;;88;5,9;1,3;
2022/04/25;1400 UTC;0;1010;1010,5;1010;2767,7;31;;31,2;29,4;;;;;;61;4,5;1,1;
2022/04/25;1500 UTC;0;1009,4;1010;1009,4;3304,2;31,6;;32;30;;;;;;103;4,9;2,3;
2022/04/25;1600 UTC;0;1008,2;1009,4;1008,2;2693,4;31,8;;32,9;30,6;;;;;;111;6,4;1,7;
2022/04/25;1700 UTC;0;1006,9;1008,2;1006,9;2195,2;30,6;;32,6;30,6;;;;;;143;5,3;2,2;
2022/04/25;1800 UTC;0;1005,8;1006,9;1005,8;2786,1;32,6;;32,9;29,6;;;;;;126;5;2;
2022/04/25;1900 UTC;0;1004,9;1005,8;1004,9;2206,9;32,1;;33,2;32;;;;;;166;5,6;2,4;
2022/04/25;2000 UTC;0;1005,1;1005,2;1004,8;297,2;28,3;;32,1;28,3;;;;;;73;4,5;,4;
2022/04/25;2100 UTC;0;1005,3;1005,4;1005;146,5;27,5;;28,3;27,5;;;;;;103;1,7;,2;
2022/04/25;2200 UTC;0;1006,1;1006,1;1005,2;15,5;26,3;;27,5;26,3;;;;;;161;1,5;,3;
2022/04/25;2300 UTC;,8;1007;1007;1006;;26,2;;26,3;25,8;;;;;;140;4,8;1,7;
2022/04/26;0000 UTC;1,4;1007,6;1007,6;1006,8;;25,2;;26,2;25,2;;;;;;36;4,8;,7;
2022/04/26;0100 UTC;0;1008,5;1008,5;1007,6;;24,9;;25,2;24,8;;;;;;133;2,8;,3;
2022/04/26;0200 UTC;0;1009;1009,1;1008,5;;24,9;;25;24,8;;;;;;124;1,2;,7;
2022/04/26;0300 UTC;0;1008,8;1009;1008,7;;24,9;;25;24,8;;;;;;16;1,7;,8;
2022/04/26;0400 UTC;0;1008,4;1008,8;1008,4;;24,7;;25,1;24,7;;;;;;64;2;,5;
2022/04/26;0500 UTC;;;;;;;;;;;;;;;;;;
2022/04/26;0600 UTC;1,2;1007,5;1008;1007,5;;23,8;;23,8;23,3;;;;;;165;3,2;,4;
2022/04/26;0700 UTC;,4;1007,5;1007,5;1007,2;;24;;24;23,7;;;;;;136;1,1;,5;
2022/04/26;0800 UTC;0;1007,5;1007,6;1007,3;;24,4;;24,5;24;;;;;;234;1,5;,5;
2022/04/26;0900 UTC;0;1007,8;1007,8;1007,5;;24,2;;24,4;24,2;;;;;;333;1,4;,4;
2022/04/26;1000 UTC;0;1008,8;1008,8;1007,8;40,4;24,2;;24,3;24,1;;;;;;219;1,2;,3;
2022/04/26;1100 UTC;0;1009,6;1009,6;1008,8;188;25;;25;24,2;;;;;;194;1,1;,3;
2022/04/26;1200 UTC;10,2;1010,4;1010,4;1009,6;276,5;25,3;;25,3;24,6;;;;;;32;3,3;,5;
2022/04/26;1300 UTC;,2;1010,6;1010,7;1010,4;1060,1;27;24,8;27;25,3;25,3;24,6;94;88;88;62;1,9;,6;
2022/04/26;1400 UTC;0;1010,1;1010,7;1010,1;1046,9;28,3;25,5;28,3;26,7;25,8;24,6;92;84;85;112;2,8;,8;
2022/04/26;1500 UTC;0;1009,4;1010,1;1009,4;2027,6;29,4;24,3;30,1;28;26,1;24,3;86;74;74;36;2,8;1;
2022/04/26;1600 UTC;2,8;1008;1009,4;1008;1876,5;26,1;24,7;30,3;26,1;25,9;24,1;92;71;92;37;4,6;1,6;
2022/04/26;1700 UTC;3;1007;1008;1006,9;2071,4;26,9;25,4;28,4;26,1;26,6;25,1;96;86;91;353;5;1,3;
2022/04/26;1800 UTC;16,2;1006,7;1007,2;1006,4;263,6;23,7;23,1;26,9;23,7;25,2;22,8;97;91;97;277;8;2;
2022/04/26;1900 UTC;5;1006,2;1006,9;1006,1;75,5;23,7;23,3;23,8;23,6;23,4;23,1;98;96;98;131;4,7;1,4;
2022/04/26;2000 UTC;4,4;1006;1006,4;1006;89,9;24,1;23,7;24,1;23,7;23,7;23,3;98;98;98;61;2,9;,9;
2022/04/26;2100 UTC;0;1006,2;1006,2;1005,7;177,9;24,4;23,9;24,4;24,1;24;23,7;98;97;97;171;2,8;,7;
2022/04/26;2200 UTC;0;1007,4;1007,4;1006,2;30,5;24,1;23,6;24,4;24,1;23,9;23,6;97;97;97;163;2,4;,8;
2022/04/26;2300 UTC;0;1008,3;1008,4;1007,4;;24,4;23,9;24,4;24,1;23,9;23,6;97;97;97;140;3,8;,9;
2022/04/27;0000 UTC;0;1009,3;1009,3;1008,3;;23,7;22,2;24,8;23,7;24;22,2;97;89;91;117;7,6;3,5;
2022/04/27;0100 UTC;,2;1010,2;1010,2;1009,3;;22,9;22,2;23,7;22,9;22,3;22;96;91;96;135;6,3;1,6;
2022/04/27;0200 UTC;,8;1010,5;1010,5;1010,2;;22,8;22,2;22,9;22,8;22,3;22,1;97;96;97;233;3;,2;
2022/04/27;0300 UTC;,2;1010,1;1010,5;1010,1;;22,7;22,2;22,9;22,7;22,3;22,2;97;96;97;329;1,6;,4;
2022/04/27;0400 UTC;,2;1009,5;1010,1;1009,5;;22,7;22,4;22,7;22,7;22,4;22,2;98;97;98;302;,9;,2;
2022/04/27;0500 UTC;0;1008,6;1009,5;1008,6;;22,7;22,4;22,7;22,6;22,4;22,3;98;98;98;182;1;,7;
2022/04/27;0600 UTC;0;1007,6;1008,6;1007,6;;22,6;22,2;22,7;22,6;22,4;22,2;98;98;98;162;1;,4;
2022/04/27;0700 UTC;0;1007,6;1007,8;1007,6;;22,4;22,1;22,6;22,4;22,3;22,1;98;98;98;210;1,4;,6;
2022/04/27;0800 UTC;0;1007,8;1007,8;1007,5;;22,4;22,1;22,4;22,3;22,2;22;98;98;98;97;1,4;,3;
2022/04/27;0900 UTC;0;1008,6;1008,6;1007,8;;22,3;22;22,5;22,3;22,2;22;98;98;98;207;2,1;,5;
2022/04/27;1000 UTC;0;1008,7;1008,7;1008,6;35,4;22,4;22,1;22,4;22,1;22,1;21,8;98;98;98;26;1,5;,6;
2022/04/27;1100 UTC;0;1009,7;1009,7;1008,7;546,9;24,6;23,4;25,2;22,4;23,7;22,1;98;89;93;73;1,3;,4;
2022/04/27;1200 UTC;0;1010,6;1010,6;1009,7;1535;27,1;24,2;27,5;24,5;24,6;22,9;93;83;84;73;3,6;1,4;
2022/04/27;1300 UTC;0;1010,7;1010,8;1010,6;1960,6;27,7;23,8;28,3;26,7;24,9;23,5;86;78;79;82;4;1,3;
2022/04/27;1400 UTC;0;1010,5;1010,9;1010,5;2391,9;29,6;25,1;29,6;27,7;25,3;23,5;83;75;77;69;5,4;1,3;
2022/04/27;1500 UTC;,2;1009,9;1010,5;1009,9;3303,8;31,6;25,8;31,6;29,1;25,9;23,4;79;69;71;108;5,9;1,7;
2022/04/27;1600 UTC;0;1008,5;1009,9;1008,5;3096,2;31,3;24,9;31,8;30;25,7;23,3;76;65;69;99;6,3;1,4;
2022/04/27;1700 UTC;0;1007;1008,5;1007;2969,3;31,6;24,8;32;30,5;25,8;23,4;74;62;67;54;4,6;1,7;
2022/04/27;1800 UTC;0;1005,3;1007;1005,3;2392,5;31;24,1;32,5;31;25,6;23,9;71;63;67;170;4,7;1,6;
2022/04/27;1900 UTC;0;1005,2;1005,3;1004,9;1902,6;31,6;23,3;32,6;30;25,8;23,3;77;61;61;117;3,8;1,1;
2022/04/27;2000 UTC;11,6;1006,1;1006,2;1005,1;221,4;24,4;23,6;31,6;24,2;25;22,6;96;61;95;52;10,6;1;
2022/04/27;2100 UTC;0;1006,6;1006,6;1006,1;30,9;24,5;23,9;24,6;24,4;24;23,5;97;94;96;103;2,3;,6;
2022/04/27;2200 UTC;0;1007,7;1007,7;1006,4;1,3;24,7;24,1;24,7;24,5;24,1;23,8;97;96;97;76;1,7;,5;
2022/04/27;2300 UTC;0;1009,1;1009,1;1007,6;;24,7;23,8;25,1;24,7;24,2;23,8;96;93;94;104;4,1;1,2;
2022/04/28;0000 UTC;,4;1009,7;1009,7;1009,1;;24,7;24,1;24,7;24,6;24,1;23,8;97;94;96;62;3;,4;
2022/04/28;0100 UTC;0;1010,5;1010,5;1009,7;;24,6;24;24,7;24,5;24,2;24;97;96;97;219;2;1;
2022/04/28;0200 UTC;0;1010,3;1010,6;1010,2;;24,5;24,1;24,6;24,5;24,1;24;98;97;98;307;1,9;,2;
2022/04/28;0300 UTC;0;1009,8;1010,3;1009,7;;24,4;24;24,5;24,3;24,1;24;98;98;98;339;1,1;,5;
2022/04/28;0400 UTC;0;1009,8;1009,8;1009,7;;24,6;24,3;24,7;24,4;24,3;24;98;98;98;58;1,4;,5;
2022/04/28;0500 UTC;0;1009,2;1009,8;1009,2;;24,4;23,8;24,7;24,4;24,3;23,8;98;96;96;56;3,2;,6;
2022/04/28;0600 UTC;0;1008,6;1009,2;1008,6;;24,2;23,8;24,4;24,2;23,8;23,7;97;96;97;72;1,8;,3;
2022/04/28;0700 UTC;0;1008,3;1008,6;1008,3;;23,9;23,6;24,2;23,9;23,8;23,6;98;97;98;197;1,2;,2;
2022/04/28;0800 UTC;0;1008,9;1008,9;1008,3;;23,9;23,6;24;23,8;23,7;23,5;98;98;98;135;1;,6;
2022/04/28;0900 UTC;0;1009,2;1009,2;1008,9;;24;23,6;24,1;23,9;23,8;23,6;98;98;98;104;1,5;,5;
2022/04/28;1000 UTC;0;1009,9;1009,9;1009,1;34,7;23,8;23,3;24;23,7;23,6;23,2;98;97;97;136;1,5;,6;
2022/04/28;1100 UTC;0;1010,5;1010,5;1009,8;266,7;25;23,9;25;23,8;23,9;23,3;97;92;94;102;2;,5;
2022/04/28;1200 UTC;0;1011,3;1011,3;1010,5;886,5;26,1;23,8;26,2;25;24,1;23,5;94;86;87;124;3,7;1,8;
2022/04/28;1300 UTC;0;1011,4;1011,5;1011,3;1935;28;24,5;28,3;26,1;24,9;23,7;88;79;81;120;5,9;2,3;
2022/04/28;1400 UTC;0;1011,4;1011,6;1011,4;2437,2;28,6;24,2;29,1;27,9;25,1;24;82;75;77;116;5,2;2,4;
2022/04/28;1500 UTC;0;1010,6;1011,4;1010,6;2922,5;30,1;24,3;30,7;28,4;25,7;23,9;80;69;71;139;5,1;2,1;
2022/04/28;1600 UTC;0;1009,5;1010,6;1009,5;2833,6;30,9;24,7;31,5;29,7;25,8;23,8;76;66;69;146;4,7;2,2;
2022/04/28;1700 UTC;0;1008,1;1009,5;1008,1;3324;32;24,8;32;30,8;25,2;23,6;71;62;66;177;5;2;
2022/04/28;1800 UTC;0;1007,1;1008,1;1007,1;2111;31,6;23,8;32,5;30,6;25,2;23,3;72;61;63;129;5,1;2;
2022/04/28;1900 UTC;0;1006,1;1007,1;1006,1;1620,9;30,5;24,8;32,3;30,1;25,4;23,1;75;59;71;175;5,1;,9;
2022/04/28;2000 UTC;2,6;1006,2;1006,5;1006;236,7;26,3;24,9;30,5;26,1;25,6;24,1;95;71;92;69;6,2;,9;
2022/04/28;2100 UTC;0;1006,6;1006,7;1006,2;82,8;25,9;24,9;26,3;25,9;25,5;24,4;96;90;94;64;2,3;,7;
2022/04/28;2200 UTC;0;1007;1007,1;1006,5;6,8;25,6;24,6;25,9;25,4;25;24,5;96;93;94;41;2,3;,7;
2022/04/28;2300 UTC;0;1007,7;1007,7;1007;;25,3;24,7;25,6;25,2;24,7;24,5;97;94;97;92;2,2;,5;
2022/04/29;0000 UTC;0;1008,9;1008,9;1007,7;;25,3;24,1;25,3;25;24,7;24,1;97;93;93;95;2,5;,8;
2022/04/29;0100 UTC;0;1009,8;1009,8;1008,9;;24,9;24;25,3;24,8;24,2;24;96;93;95;108;2,5;,9;
2022/04/29;0200 UTC;0;1010,7;1011;1009,8;;25,2;24,2;25,3;24,8;24,4;24;96;94;94;62;4,4;,9;
2022/04/29;0300 UTC;,8;1010,9;1010,9;1010,5;;24,4;23,4;25,3;24,4;24,2;23,4;95;92;94;92;5,4;2,1;
2022/04/29;0400 UTC;1,4;1010;1011;1010;;23,4;22,3;24,4;23,4;23,3;22,3;94;93;94;116;6,8;3,5;
2022/04/29;0500 UTC;1,8;1009,1;1010;1009,1;;23,1;22,5;23,4;23;22,6;22,3;97;94;96;126;6,8;1;
2022/04/29;0600 UTC;,8;1008,7;1009,1;1008,7;;23,1;22,7;23,2;23,1;22,8;22,5;98;96;98;348;1,7;,4;
2022/04/29;0700 UTC;,2;1008,1;1008,7;1008;;23,2;22,8;23,2;23,1;22,8;22,7;98;97;98;6;2,6;1;
2022/04/29;0800 UTC;0;1007,7;1008,1;1007,7;;23;22,7;23,2;23;22,8;22,7;98;98;98;256;2,6;,3;
2022/04/29;0900 UTC;0;1008,4;1008,4;1007,7;;22,9;22,6;23,1;22,9;22,7;22,6;98;98;98;42;1,5;,3;
2022/04/29;1000 UTC;0;1009,1;1009,1;1008,4;52,5;23,7;23,5;23,7;22,8;23,5;22,5;98;98;98;124;1,8;,7;
2022/04/29;1100 UTC;0;1010,1;1010,1;1009,1;436,9;25,1;24,5;25,1;23,7;24,5;23,4;98;96;96;212;1,7;,5;
2022/04/29;1200 UTC;0;1010,9;1010,9;1010,1;1230;27,1;23,6;27,9;25,1;25,3;23,3;97;79;81;81;3,5;1,5;
2022/04/29;1300 UTC;0;1011,5;1011,5;1010,9;1454;28;24,3;28,1;26,8;25;23,5;86;80;81;80;4,9;1,6;
2022/04/29;1400 UTC;0;1011,3;1011,5;1011,3;2162;28,9;24,4;29,5;27,9;25,6;24;83;75;77;74;5,9;2;
2022/04/29;1500 UTC;0;1010,9;1011,4;1010,9;2047,5;30,3;26,4;30,3;28,8;26,4;24,2;80;74;80;83;6,4;1,5;
2022/04/29;1600 UTC;0;1009,6;1010,9;1009,6;1985,4;29;24,5;31;28,9;26,1;24,5;80;71;77;61;5,3;2;
2022/04/29;1700 UTC;0;1008;1009,6;1008;2183,5;30,7;26,2;30,7;28,9;26,2;24;80;68;77;78;6,4;1,9;
2022/04/29;1800 UTC;0;1007,4;1008;1007,4;2579,3;30,4;25;31,5;30,3;26,1;23,6;77;65;73;80;6,2;1,5;
2022/04/29;1900 UTC;0;1007,2;1007,4;1007;1791,1;30,2;25,9;31,3;28,5;26,4;24,4;86;69;78;58;5,7;1,1;
2022/04/29;2000 UTC;6;1007,7;1008;1007,1;549,7;23,9;23,3;30,5;23;25,6;21,7;96;71;96;63;12,6;2;
2022/04/29;2100 UTC;,2;1007,9;1008,2;1007,7;31,6;24;23,1;24,5;23,9;23,7;22,9;96;93;95;72;5,9;1,1;
2022/04/29;2200 UTC;0;1008,7;1008,7;1007,9;1,1;23,9;23,3;24;23,9;23,4;23;97;94;97;101;4;,8;
2022/04/29;2300 UTC;0;1009,9;1009,9;1008,7;;24,2;23,7;24,2;23,9;23,7;23,3;97;97;97;103;2,3;,8;
2022/04/30;0000 UTC;0;1011,1;1011,1;1009,9;;24,2;23,7;24,3;24,2;23,8;23,7;98;97;97;186;1,3;,7;
2022/04/30;0100 UTC;0;1012,2;1012,2;1011,1;;24;23,5;24,2;24;23,7;23,5;97;97;97;202;1,9;,7;
2022/04/30;0200 UTC;0;1012,4;1012,5;1012,2;;24;23,6;24;24;23,6;23,5;97;97;97;202;2,4;,6;
2022/04/30;0300 UTC;0;1011,9;1012,4;1011,9;;24,1;23,7;24,1;24;23,7;23,6;97;97;97;212;1,4;,6;
2022/04/30;0400 UTC;0;1011,2;1011,9;1011,2;;24;;24,1;24;;;;;;302;1,4;,2;
2022/04/30;0500 UTC;0;1010,4;1011,2;1010,4;;24;;24;23,9;;;;;;110;1;,5;
2022/04/30;0600 UTC;,2;1009,6;1010,4;1009,6;;24;;24;23,9;;;;;;128;1,6;,6;
2022/04/30;0700 UTC;0;1009;1009,6;1009;;23,9;;24;23,9;;;;;;100;1,4;,5;
2022/04/30;0800 UTC;0;1008,9;1009;1008,7;;23,8;;23,9;23,8;;;;;;277;,9;,4;
2022/04/30;0900 UTC;0;1009,7;1009,7;1008,9;;23,7;;23,8;23,7;;;;;;172;1,4;,8;
2022/04/30;1000 UTC;0;1010,3;1010,3;1009,7;43,4;23,8;;23,8;23,7;;;;;;166;1,9;,5;
2022/04/30;1100 UTC;0;1011,1;1011,1;1010,3;272,6;24,5;;24,5;23,8;;;;;;151;2;,9;
2022/04/30;1200 UTC;0;1011,6;1011,6;1011,1;693,7;25,4;;25,4;24,5;;;;;;141;3;1,4;
2022/04/30;1300 UTC;0;1011,7;1011,9;1011,6;1403,3;26,5;;26,7;25,4;;;;;;106;4,4;1,9;
2022/04/30;1400 UTC;0;1011,3;1011,7;1011,3;1724,8;28;;28;26,4;;;;;;147;5;1,8;
2022/04/30;1500 UTC;0;1010,8;1011,3;1010,8;3125;30;;30,9;28;;;;;;43;4,2;1,2;
2022/04/30;1600 UTC;,2;1009,5;1010,8;1009,5;2780,1;30,3;;30,8;29,7;;;;;;66;3,6;1,1;
2022/04/30;1700 UTC;0;1007,9;1009,5;1007,9;2287,1;30,6;;31,4;29,8;;;;;;221;3,1;1,1;
2022/04/30;1800 UTC;3;1007,2;1007,9;1007,2;1185,4;26,9;;30,9;26,9;;;;;;199;6,6;,9;
2022/04/30;1900 UTC;0;1006,8;1007,2;1006,7;1042;27;;28,8;26,7;;;;;;15;4,3;,7;
2022/04/30;2000 UTC;3,6;1006,7;1007;1006,7;416;27,1;;27,1;25,8;;;;;;338;2,8;,9;
2022/04/30;2100 UTC;0;1007,5;1007,5;1006,5;197,5;26,3;;27,2;26,3;;;;;;205;3,3;1,8;
2022/04/30;2200 UTC;0;1008,5;1008,5;1007,4;22,4;25;;26,3;25;;;;;;83;3,3;,5;
2022/04/30;2300 UTC;0;1009,5;1009,5;1008,5;;24,7;;25,1;24,7;;;;;;158;2;,3;
